value,label,,,,
283,peanut,,,,
283,peanut,,,,
283,peanut,,,,
283,peanut,,,,
283,peanut,,,,
283,peanut,,,,
284,peanut,,,,
284,peanut,,,,
284,peanut,,,,
285,peanut,,,,
285,peanut,,,,
288,peanut,,,,
288,peanut,,,,
288,peanut,,,,
289,peanut,,,,
290,peanut,,,,
291,peanut,,,,
291,peanut,,,,
292,peanut,,,,
290,peanut,,,,
297,peanut,,,,
298,peanut,,,,
296,peanut,,,,
292,peanut,,,,
290,peanut,,,,
290,peanut,,,,
291,peanut,,,,
292,peanut,,,,
293,peanut,,,,
293,peanut,,,,
293,peanut,,,,
294,peanut,,,,
294,peanut,,,,
294,peanut,,,,
294,peanut,,,,
294,peanut,,,,
295,peanut,,,,
296,peanut,,,,
296,peanut,,,,
296,peanut,,,,
297,peanut,,,,
296,peanut,,,,
296,peanut,,,,
297,peanut,,,,
297,peanut,,,,
297,peanut,,,,
297,peanut,,,,
297,peanut,,,,
297,peanut,,,,
298,peanut,,,,
298,peanut,,,,
298,peanut,,,,
298,peanut,,,,
298,peanut,,,,
300,peanut,,,,
301,peanut,,,,
301,peanut,,,,
301,peanut,,,,
301,peanut,,,,
301,peanut,,,,
302,peanut,,,,
302,peanut,,,,
302,peanut,,,,
302,peanut,,,,
302,peanut,,,,
302,peanut,,,,
302,peanut,,,,
303,peanut,,,,
303,peanut,,,,
303,peanut,,,,
303,peanut,,,,
303,peanut,,,,
303,peanut,,,,
304,peanut,,,,
304,peanut,,,,
304,peanut,,,,
304,peanut,,,,
304,peanut,,,,
304,peanut,,,,
304,peanut,,,,
305,peanut,,,,
305,peanut,,,,
306,peanut,,,,
306,peanut,,,,
306,peanut,,,,
306,peanut,,,,
306,peanut,,,,
306,peanut,,,,
306,peanut,,,,
306,peanut,,,,
306,peanut,,,,
306,peanut,,,,
307,peanut,,,,
307,peanut,,,,
307,peanut,,,,
307,peanut,,,,
307,peanut,,,,
307,peanut,,,,
307,peanut,,,,
307,peanut,,,,
307,peanut,,,,
307,peanut,,,,
307,peanut,,,,
307,peanut,,,,
308,peanut,,,,
308,peanut,,,,
308,peanut,,,,
308,peanut,,,,
308,peanut,,,,
308,peanut,,,,
308,peanut,,,,
308,peanut,,,,
308,peanut,,,,
308,peanut,,,,
308,peanut,,,,
308,peanut,,,,
309,peanut,,,,
308,peanut,,,,
309,peanut,,,,
309,peanut,,,,
309,peanut,,,,
307,peanut,,,,
307,peanut,,,,
307,peanut,,,,
307,peanut,,,,
308,peanut,,,,
308,peanut,,,,
308,peanut,,,,
308,peanut,,,,
308,peanut,,,,
308,peanut,,,,
308,peanut,,,,
308,peanut,,,,
308,peanut,,,,
308,peanut,,,,
308,peanut,,,,
308,peanut,,,,
308,peanut,,,,
309,peanut,,,,
309,peanut,,,,
309,peanut,,,,
309,peanut,,,,
309,peanut,,,,
309,peanut,,,,
309,peanut,,,,
309,peanut,,,,
309,peanut,,,,
309,peanut,,,,
309,peanut,,,,
309,peanut,,,,
309,peanut,,,,
309,peanut,,,,
309,peanut,,,,
309,peanut,,,,
309,peanut,,,,
309,peanut,,,,
310,peanut,,,,
310,peanut,,,,
310,peanut,,,,
310,peanut,,,,
310,peanut,,,,
310,peanut,,,,
310,peanut,,,,
310,peanut,,,,
310,peanut,,,,
310,peanut,,,,
310,peanut,,,,
310,peanut,,,,
310,peanut,,,,
310,peanut,,,,
310,peanut,,,,
310,peanut,,,,
310,peanut,,,,
310,peanut,,,,
310,peanut,,,,
310,peanut,,,,
310,peanut,,,,
310,peanut,,,,
310,peanut,,,,
310,peanut,,,,
310,peanut,,,,
310,peanut,,,,
310,peanut,,,,
310,peanut,,,,
310,peanut,,,,
310,peanut,,,,
310,peanut,,,,
310,peanut,,,,
310,peanut,,,,
310,peanut,,,,
310,peanut,,,,
310,peanut,,,,
310,peanut,,,,
310,peanut,,,,
310,peanut,,,,
310,peanut,,,,
310,peanut,,,,
310,peanut,,,,
310,peanut,,,,
310,peanut,,,,
310,peanut,,,,
310,peanut,,,,
310,peanut,,,,
310,peanut,,,,
310,peanut,,,,
310,peanut,,,,
310,peanut,,,,
310,peanut,,,,
310,peanut,,,,
310,peanut,,,,
310,peanut,,,,
310,peanut,,,,
310,peanut,,,,
312,peanut,,,,
312,peanut,,,,
312,peanut,,,,
312,peanut,,,,
312,peanut,,,,
312,peanut,,,,
312,peanut,,,,
312,peanut,,,,
312,peanut,,,,
312,peanut,,,,
312,peanut,,,,
312,peanut,,,,
312,peanut,,,,
312,peanut,,,,
312,peanut,,,,
312,peanut,,,,
312,peanut,,,,
312,peanut,,,,
312,peanut,,,,
312,peanut,,,,
312,peanut,,,,
312,peanut,,,,
312,peanut,,,,
312,peanut,,,,
312,peanut,,,,
312,peanut,,,,
312,peanut,,,,
312,peanut,,,,
312,peanut,,,,
312,peanut,,,,
312,peanut,,,,
312,peanut,,,,
312,peanut,,,,
312,peanut,,,,
312,peanut,,,,
312,peanut,,,,
312,peanut,,,,
312,peanut,,,,
312,peanut,,,,
312,peanut,,,,
312,peanut,,,,
312,peanut,,,,
312,peanut,,,,
312,peanut,,,,
312,peanut,,,,
312,peanut,,,,
312,peanut,,,,
312,peanut,,,,
312,peanut,,,,
312,peanut,,,,
312,peanut,,,,
312,peanut,,,,
312,peanut,,,,
312,peanut,,,,
312,peanut,,,,
312,peanut,,,,
312,peanut,,,,
312,peanut,,,,
312,peanut,,,,
312,peanut,,,,
312,peanut,,,,
312,peanut,,,,
312,peanut,,,,
312,peanut,,,,
312,peanut,,,,
312,peanut,,,,
312,peanut,,,,
312,peanut,,,,
313,peanut,,,,
312,peanut,,,,
312,peanut,,,,
312,peanut,,,,
313,peanut,,,,
313,peanut,,,,
313,peanut,,,,
313,peanut,,,,
313,peanut,,,,
313,peanut,,,,
313,peanut,,,,
313,peanut,,,,
313,peanut,,,,
313,peanut,,,,
313,peanut,,,,
313,peanut,,,,
313,peanut,,,,
313,peanut,,,,
313,peanut,,,,
313,peanut,,,,
313,peanut,,,,
313,peanut,,,,
313,peanut,,,,
313,peanut,,,,
314,peanut,,,,
313,peanut,,,,
314,peanut,,,,
314,peanut,,,,
314,peanut,,,,
314,peanut,,,,
314,peanut,,,,
314,peanut,,,,
314,peanut,,,,
314,peanut,,,,
314,peanut,,,,
314,peanut,,,,
314,peanut,,,,
314,peanut,,,,
314,peanut,,,,
314,peanut,,,,
314,peanut,,,,
314,peanut,,,,
314,peanut,,,,
314,peanut,,,,
314,peanut,,,,
314,peanut,,,,
314,peanut,,,,
314,peanut,,,,
314,peanut,,,,
314,peanut,,,,
315,peanut,,,,
315,peanut,,,,
315,peanut,,,,
314,peanut,,,,
314,peanut,,,,
314,peanut,,,,
314,peanut,,,,
314,peanut,,,,
314,peanut,,,,
314,peanut,,,,
314,peanut,,,,
314,peanut,,,,
314,peanut,,,,
313,peanut,,,,
314,peanut,,,,
314,peanut,,,,
313,peanut,,,,
313,peanut,,,,
314,peanut,,,,
313,peanut,,,,
313,peanut,,,,
313,peanut,,,,
313,peanut,,,,
313,peanut,,,,
313,peanut,,,,
313,peanut,,,,
313,peanut,,,,
313,peanut,,,,
313,peanut,,,,
313,peanut,,,,
313,peanut,,,,
313,peanut,,,,
313,peanut,,,,
313,peanut,,,,
313,peanut,,,,
313,peanut,,,,
314,peanut,,,,
313,peanut,,,,
314,peanut,,,,
313,peanut,,,,
313,peanut,,,,
313,peanut,,,,
313,peanut,,,,
313,peanut,,,,
313,peanut,,,,
313,peanut,,,,
313,peanut,,,,
314,peanut,,,,
314,peanut,,,,
313,peanut,,,,
313,peanut,,,,
313,peanut,,,,
313,peanut,,,,
313,peanut,,,,
313,peanut,,,,
313,peanut,,,,
313,peanut,,,,
313,peanut,,,,
313,peanut,,,,
313,peanut,,,,
313,peanut,,,,
313,peanut,,,,
313,peanut,,,,
313,peanut,,,,
313,peanut,,,,
313,peanut,,,,
313,peanut,,,,
313,peanut,,,,
313,peanut,,,,
313,peanut,,,,
313,peanut,,,,
313,peanut,,,,
313,peanut,,,,
313,peanut,,,,
313,peanut,,,,
312,peanut,,,,
312,peanut,,,,
312,peanut,,,,
312,peanut,,,,
312,peanut,,,,
312,peanut,,,,
312,peanut,,,,
312,peanut,,,,
312,peanut,,,,
312,peanut,,,,
312,peanut,,,,
312,peanut,,,,
312,peanut,,,,
312,peanut,,,,
312,peanut,,,,
312,peanut,,,,
312,peanut,,,,
312,peanut,,,,
312,peanut,,,,
312,peanut,,,,
312,peanut,,,,
312,peanut,,,,
312,peanut,,,,
312,peanut,,,,
312,peanut,,,,
312,peanut,,,,
312,peanut,,,,
312,peanut,,,,
312,peanut,,,,
312,peanut,,,,
312,peanut,,,,
312,peanut,,,,
312,peanut,,,,
312,peanut,,,,
312,peanut,,,,
312,peanut,,,,
312,peanut,,,,
312,peanut,,,,
312,peanut,,,,
310,peanut,,,,
312,peanut,,,,
310,peanut,,,,
310,peanut,,,,
310,peanut,,,,
312,peanut,,,,
312,peanut,,,,
310,peanut,,,,
312,peanut,,,,
310,peanut,,,,
312,peanut,,,,
310,peanut,,,,
310,peanut,,,,
312,peanut,,,,
310,peanut,,,,
310,peanut,,,,
310,peanut,,,,
312,peanut,,,,
310,peanut,,,,
310,peanut,,,,
310,peanut,,,,
310,peanut,,,,
310,peanut,,,,
310,peanut,,,,
310,peanut,,,,
310,peanut,,,,
310,peanut,,,,
310,peanut,,,,
310,peanut,,,,
310,peanut,,,,
310,peanut,,,,
310,peanut,,,,
310,peanut,,,,
310,peanut,,,,
310,peanut,,,,
310,peanut,,,,
310,peanut,,,,
310,peanut,,,,
310,peanut,,,,
310,peanut,,,,
310,peanut,,,,
310,peanut,,,,
310,peanut,,,,
310,peanut,,,,
310,peanut,,,,
310,peanut,,,,
310,peanut,,,,
310,peanut,,,,
310,peanut,,,,
310,peanut,,,,
310,peanut,,,,
310,peanut,,,,
310,peanut,,,,
310,peanut,,,,
310,peanut,,,,
512,egg,,,,
509,egg,,,,
508,egg,,,,
506,egg,,,,
505,egg,,,,
502,egg,,,,
501,egg,,,,
499,egg,,,,
498,egg,,,,
497,egg,,,,
495,egg,,,,
494,egg,,,,
493,egg,,,,
490,egg,,,,
489,egg,,,,
488,egg,,,,
487,egg,,,,
486,egg,,,,
484,egg,,,,
483,egg,,,,
483,egg,,,,
481,egg,,,,
480,egg,,,,
478,egg,,,,
477,egg,,,,
476,egg,,,,
475,egg,,,,
475,egg,,,,
474,egg,,,,
471,egg,,,,
470,egg,,,,
470,egg,,,,
469,egg,,,,
468,egg,,,,
466,egg,,,,
466,egg,,,,
465,egg,,,,
464,egg,,,,
463,egg,,,,
462,egg,,,,
461,egg,,,,
460,egg,,,,
460,egg,,,,
459,egg,,,,
459,egg,,,,
457,egg,,,,
456,egg,,,,
450,egg,,,,
450,egg,,,,
452,egg,,,,
454,egg,,,,
457,egg,,,,
457,egg,,,,
461,egg,,,,
464,egg,,,,
465,egg,,,,
466,egg,,,,
469,egg,,,,
470,egg,,,,
471,egg,,,,
474,egg,,,,
475,egg,,,,
476,egg,,,,
476,egg,,,,
478,egg,,,,
478,egg,,,,
480,egg,,,,
481,egg,,,,
481,egg,,,,
483,egg,,,,
483,egg,,,,
484,egg,,,,
484,egg,,,,
486,egg,,,,
486,egg,,,,
487,egg,,,,
487,egg,,,,
488,egg,,,,
488,egg,,,,
488,egg,,,,
489,egg,,,,
489,egg,,,,
489,egg,,,,
490,egg,,,,
493,egg,,,,
493,egg,,,,
494,egg,,,,
494,egg,,,,
494,egg,,,,
495,egg,,,,
495,egg,,,,
495,egg,,,,
496,egg,,,,
496,egg,,,,
497,egg,,,,
497,egg,,,,
497,egg,,,,
497,egg,,,,
498,egg,,,,
499,egg,,,,
499,egg,,,,
499,egg,,,,
500,egg,,,,
500,egg,,,,
501,egg,,,,
501,egg,,,,
502,egg,,,,
502,egg,,,,
502,egg,,,,
502,egg,,,,
502,egg,,,,
504,egg,,,,
505,egg,,,,
505,egg,,,,
505,egg,,,,
505,egg,,,,
506,egg,,,,
506,egg,,,,
506,egg,,,,
506,egg,,,,
507,egg,,,,
507,egg,,,,
507,egg,,,,
507,egg,,,,
507,egg,,,,
507,egg,,,,
507,egg,,,,
507,egg,,,,
508,egg,,,,
508,egg,,,,
508,egg,,,,
508,egg,,,,
508,egg,,,,
508,egg,,,,
509,egg,,,,
509,egg,,,,
509,egg,,,,
509,egg,,,,
509,egg,,,,
509,egg,,,,
510,egg,,,,
511,egg,,,,
511,egg,,,,
511,egg,,,,
511,egg,,,,
512,egg,,,,
512,egg,,,,
512,egg,,,,
512,egg,,,,
512,egg,,,,
512,egg,,,,
512,egg,,,,
512,egg,,,,
512,egg,,,,
513,egg,,,,
513,egg,,,,
513,egg,,,,
513,egg,,,,
513,egg,,,,
513,egg,,,,
514,egg,,,,
513,egg,,,,
514,egg,,,,
514,egg,,,,
514,egg,,,,
514,egg,,,,
514,egg,,,,
514,egg,,,,
514,egg,,,,
514,egg,,,,
514,egg,,,,
514,egg,,,,
514,egg,,,,
514,egg,,,,
514,egg,,,,
516,egg,,,,
516,egg,,,,
516,egg,,,,
516,egg,,,,
516,egg,,,,
516,egg,,,,
516,egg,,,,
516,egg,,,,
516,egg,,,,
516,egg,,,,
517,egg,,,,
517,egg,,,,
517,egg,,,,
517,egg,,,,
518,egg,,,,
518,egg,,,,
518,egg,,,,
518,egg,,,,
518,egg,,,,
518,egg,,,,
518,egg,,,,
518,egg,,,,
518,egg,,,,
518,egg,,,,
518,egg,,,,
519,egg,,,,
519,egg,,,,
519,egg,,,,
519,egg,,,,
519,egg,,,,
519,egg,,,,
519,egg,,,,
519,egg,,,,
519,egg,,,,
519,egg,,,,
519,egg,,,,
519,egg,,,,
519,egg,,,,
519,egg,,,,
519,egg,,,,
519,egg,,,,
520,egg,,,,
520,egg,,,,
520,egg,,,,
521,egg,,,,
521,egg,,,,
521,egg,,,,
521,egg,,,,
521,egg,,,,
521,egg,,,,
521,egg,,,,
521,egg,,,,
521,egg,,,,
521,egg,,,,
521,egg,,,,
521,egg,,,,
522,egg,,,,
521,egg,,,,
522,egg,,,,
522,egg,,,,
522,egg,,,,
522,egg,,,,
522,egg,,,,
522,egg,,,,
522,egg,,,,
522,egg,,,,
522,egg,,,,
522,egg,,,,
522,egg,,,,
522,egg,,,,
522,egg,,,,
522,egg,,,,
522,egg,,,,
522,egg,,,,
522,egg,,,,
522,egg,,,,
522,egg,,,,
522,egg,,,,
522,egg,,,,
522,egg,,,,
523,egg,,,,
523,egg,,,,
523,egg,,,,
523,egg,,,,
523,egg,,,,
523,egg,,,,
523,egg,,,,
523,egg,,,,
523,egg,,,,
523,egg,,,,
523,egg,,,,
523,egg,,,,
523,egg,,,,
523,egg,,,,
523,egg,,,,
523,egg,,,,
523,egg,,,,
523,egg,,,,
523,egg,,,,
523,egg,,,,
523,egg,,,,
523,egg,,,,
523,egg,,,,
523,egg,,,,
523,egg,,,,
523,egg,,,,
523,egg,,,,
523,egg,,,,
523,egg,,,,
523,egg,,,,
523,egg,,,,
524,egg,,,,
524,egg,,,,
523,egg,,,,
524,egg,,,,
524,egg,,,,
524,egg,,,,
524,egg,,,,
524,egg,,,,
524,egg,,,,
524,egg,,,,
524,egg,,,,
524,egg,,,,
524,egg,,,,
524,egg,,,,
524,egg,,,,
524,egg,,,,
524,egg,,,,
524,egg,,,,
524,egg,,,,
525,egg,,,,
525,egg,,,,
525,egg,,,,
525,egg,,,,
525,egg,,,,
525,egg,,,,
525,egg,,,,
525,egg,,,,
525,egg,,,,
525,egg,,,,
525,egg,,,,
525,egg,,,,
525,egg,,,,
525,egg,,,,
525,egg,,,,
525,egg,,,,
525,egg,,,,
525,egg,,,,
525,egg,,,,
525,egg,,,,
525,egg,,,,
525,egg,,,,
526,egg,,,,
525,egg,,,,
525,egg,,,,
526,egg,,,,
526,egg,,,,
526,egg,,,,
526,egg,,,,
526,egg,,,,
526,egg,,,,
526,egg,,,,
526,egg,,,,
526,egg,,,,
526,egg,,,,
526,egg,,,,
526,egg,,,,
526,egg,,,,
526,egg,,,,
526,egg,,,,
526,egg,,,,
526,egg,,,,
526,egg,,,,
526,egg,,,,
526,egg,,,,
526,egg,,,,
526,egg,,,,
526,egg,,,,
526,egg,,,,
528,egg,,,,
528,egg,,,,
528,egg,,,,
526,egg,,,,
528,egg,,,,
528,egg,,,,
528,egg,,,,
528,egg,,,,
528,egg,,,,
528,egg,,,,
528,egg,,,,
528,egg,,,,
528,egg,,,,
528,egg,,,,
528,egg,,,,
528,egg,,,,
528,egg,,,,
528,egg,,,,
528,egg,,,,
528,egg,,,,
528,egg,,,,
528,egg,,,,
528,egg,,,,
528,egg,,,,
528,egg,,,,
528,egg,,,,
528,egg,,,,
528,egg,,,,
528,egg,,,,
528,egg,,,,
528,egg,,,,
528,egg,,,,
528,egg,,,,
529,egg,,,,
529,egg,,,,
528,egg,,,,
529,egg,,,,
530,egg,,,,
529,egg,,,,
529,egg,,,,
530,egg,,,,
530,egg,,,,
530,egg,,,,
530,egg,,,,
530,egg,,,,
530,egg,,,,
530,egg,,,,
530,egg,,,,
530,egg,,,,
530,egg,,,,
530,egg,,,,
530,egg,,,,
530,egg,,,,
530,egg,,,,
530,egg,,,,
530,egg,,,,
530,egg,,,,
530,egg,,,,
530,egg,,,,
530,egg,,,,
530,egg,,,,
530,egg,,,,
530,egg,,,,
531,egg,,,,
530,egg,,,,
531,egg,,,,
531,egg,,,,
531,egg,,,,
531,egg,,,,
531,egg,,,,
532,egg,,,,
532,egg,,,,
532,egg,,,,
531,egg,,,,
532,egg,,,,
532,egg,,,,
532,egg,,,,
532,egg,,,,
532,egg,,,,
532,egg,,,,
532,egg,,,,
532,egg,,,,
532,egg,,,,
532,egg,,,,
532,egg,,,,
532,egg,,,,
532,egg,,,,
532,egg,,,,
532,egg,,,,
532,egg,,,,
532,egg,,,,
532,egg,,,,
532,egg,,,,
532,egg,,,,
532,egg,,,,
532,egg,,,,
532,egg,,,,
532,egg,,,,
532,egg,,,,
532,egg,,,,
532,egg,,,,
532,egg,,,,
532,egg,,,,
532,egg,,,,
532,egg,,,,
532,egg,,,,
532,egg,,,,
279,safe,,,,
279,safe,,,,
279,safe,,,,
279,safe,,,,
278,safe,,,,
279,safe,,,,
278,safe,,,,
278,safe,,,,
278,safe,,,,
278,safe,,,,
278,safe,,,,
278,safe,,,,
278,safe,,,,
277,safe,,,,
278,safe,,,,
277,safe,,,,
277,safe,,,,
277,safe,,,,
277,safe,,,,
277,safe,,,,
277,safe,,,,
277,safe,,,,
277,safe,,,,
277,safe,,,,
277,safe,,,,
277,safe,,,,
277,safe,,,,
277,safe,,,,
276,safe,,,,
276,safe,,,,
276,safe,,,,
276,safe,,,,
276,safe,,,,
276,safe,,,,
276,safe,,,,
276,safe,,,,
276,safe,,,,
276,safe,,,,
276,safe,,,,
276,safe,,,,
276,safe,,,,
276,safe,,,,
276,safe,,,,
274,safe,,,,
274,safe,,,,
274,safe,,,,
274,safe,,,,
274,safe,,,,
274,safe,,,,
274,safe,,,,
274,safe,,,,
273,safe,,,,
273,safe,,,,
273,safe,,,,
273,safe,,,,
273,safe,,,,
273,safe,,,,
273,safe,,,,
273,safe,,,,
273,safe,,,,
273,safe,,,,
273,safe,,,,
273,safe,,,,
273,safe,,,,
272,safe,,,,
272,safe,,,,
272,safe,,,,
272,safe,,,,
272,safe,,,,
272,safe,,,,
272,safe,,,,
272,safe,,,,
272,safe,,,,
272,safe,,,,
272,safe,,,,
272,safe,,,,
272,safe,,,,
272,safe,,,,
272,safe,,,,
272,safe,,,,
272,safe,,,,
272,safe,,,,
272,safe,,,,
272,safe,,,,
271,safe,,,,
271,safe,,,,
271,safe,,,,
271,safe,,,,
271,safe,,,,
271,safe,,,,
271,safe,,,,
271,safe,,,,
271,safe,,,,
271,safe,,,,
270,safe,,,,
271,safe,,,,
270,safe,,,,
270,safe,,,,
270,safe,,,,
270,safe,,,,
270,safe,,,,
269,safe,,,,
269,safe,,,,
269,safe,,,,
269,safe,,,,
269,safe,,,,
269,safe,,,,
269,safe,,,,
269,safe,,,,
269,safe,,,,
269,safe,,,,
269,safe,,,,
269,safe,,,,
269,safe,,,,
269,safe,,,,
269,safe,,,,
268,safe,,,,
268,safe,,,,
268,safe,,,,
268,safe,,,,
268,safe,,,,
268,safe,,,,
268,safe,,,,
268,safe,,,,
268,safe,,,,
268,safe,,,,
268,safe,,,,
268,safe,,,,
268,safe,,,,
268,safe,,,,
267,safe,,,,
267,safe,,,,
267,safe,,,,
267,safe,,,,
267,safe,,,,
267,safe,,,,
267,safe,,,,
267,safe,,,,
267,safe,,,,
267,safe,,,,
267,safe,,,,
267,safe,,,,
267,safe,,,,
267,safe,,,,
267,safe,,,,
267,safe,,,,
267,safe,,,,
267,safe,,,,
267,safe,,,,
267,safe,,,,
266,safe,,,,
266,safe,,,,
266,safe,,,,
266,safe,,,,
266,safe,,,,
266,safe,,,,
266,safe,,,,
265,safe,,,,
265,safe,,,,
265,safe,,,,
265,safe,,,,
265,safe,,,,
265,safe,,,,
265,safe,,,,
265,safe,,,,
265,safe,,,,
265,safe,,,,
265,safe,,,,
264,safe,,,,
265,safe,,,,
264,safe,,,,
264,safe,,,,
264,safe,,,,
264,safe,,,,
264,safe,,,,
264,safe,,,,
264,safe,,,,
264,safe,,,,
264,safe,,,,
264,safe,,,,
264,safe,,,,
264,safe,,,,
249,safe,,,,
249,safe,,,,
249,safe,,,,
249,safe,,,,
249,safe,,,,
249,safe,,,,
249,safe,,,,
249,safe,,,,
249,safe,,,,
249,safe,,,,
248,safe,,,,
248,safe,,,,
248,safe,,,,
248,safe,,,,
248,safe,,,,
248,safe,,,,
248,safe,,,,
248,safe,,,,
248,safe,,,,
248,safe,,,,
248,safe,,,,
248,safe,,,,
248,safe,,,,
248,safe,,,,
248,safe,,,,
248,safe,,,,
248,safe,,,,
248,safe,,,,
248,safe,,,,
248,safe,,,,
248,safe,,,,
248,safe,,,,
248,safe,,,,
248,safe,,,,
248,safe,,,,
248,safe,,,,
248,safe,,,,
248,safe,,,,
248,safe,,,,
248,safe,,,,
248,safe,,,,
248,safe,,,,
248,safe,,,,
248,safe,,,,
248,safe,,,,
248,safe,,,,
248,safe,,,,
247,safe,,,,
248,safe,,,,
247,safe,,,,
248,safe,,,,
247,safe,,,,
247,safe,,,,
248,safe,,,,
247,safe,,,,
247,safe,,,,
247,safe,,,,
247,safe,,,,
247,safe,,,,
247,safe,,,,
247,safe,,,,
247,safe,,,,
247,safe,,,,
247,safe,,,,
247,safe,,,,
247,safe,,,,
247,safe,,,,
247,safe,,,,
247,safe,,,,
247,safe,,,,
247,safe,,,,
247,safe,,,,
247,safe,,,,
247,safe,,,,
247,safe,,,,
247,safe,,,,
247,safe,,,,
247,safe,,,,
247,safe,,,,
247,safe,,,,
247,safe,,,,
247,safe,,,,
247,safe,,,,
247,safe,,,,
247,safe,,,,
247,safe,,,,
247,safe,,,,
247,safe,,,,
247,safe,,,,
247,safe,,,,
246,safe,,,,
246,safe,,,,
247,safe,,,,
247,safe,,,,
247,safe,,,,
246,safe,,,,
246,safe,,,,
247,safe,,,,
246,safe,,,,
246,safe,,,,
246,safe,,,,
246,safe,,,,
246,safe,,,,
246,safe,,,,
246,safe,,,,
246,safe,,,,
246,safe,,,,
246,safe,,,,
246,safe,,,,
246,safe,,,,
246,safe,,,,
246,safe,,,,
246,safe,,,,
246,safe,,,,
246,safe,,,,
246,safe,,,,
246,safe,,,,
246,safe,,,,
246,safe,,,,
246,safe,,,,
246,safe,,,,
246,safe,,,,
246,safe,,,,
246,safe,,,,
246,safe,,,,
245,safe,,,,
245,safe,,,,
246,safe,,,,
245,safe,,,,
245,safe,,,,
245,safe,,,,
245,safe,,,,
245,safe,,,,
245,safe,,,,
245,safe,,,,
245,safe,,,,
245,safe,,,,
245,safe,,,,
245,safe,,,,
245,safe,,,,
245,safe,,,,
245,safe,,,,
245,safe,,,,
245,safe,,,,
245,safe,,,,
245,safe,,,,
245,safe,,,,
245,safe,,,,
245,safe,,,,
245,safe,,,,
245,safe,,,,
245,safe,,,,
245,safe,,,,
245,safe,,,,
245,safe,,,,
245,safe,,,,
245,safe,,,,
245,safe,,,,
245,safe,,,,
244,safe,,,,
245,safe,,,,
245,safe,,,,
244,safe,,,,
245,safe,,,,
245,safe,,,,
244,safe,,,,
244,safe,,,,
244,safe,,,,
244,safe,,,,
244,safe,,,,
244,safe,,,,
244,safe,,,,
244,safe,,,,
244,safe,,,,
244,safe,,,,
244,safe,,,,
244,safe,,,,
244,safe,,,,
244,safe,,,,
244,safe,,,,
244,safe,,,,
244,safe,,,,
244,safe,,,,
244,safe,,,,
244,safe,,,,
244,safe,,,,
244,safe,,,,
244,safe,,,,
244,safe,,,,
244,safe,,,,
244,safe,,,,
244,safe,,,,
244,safe,,,,
244,safe,,,,
244,safe,,,,
244,safe,,,,
244,safe,,,,
244,safe,,,,
244,safe,,,,
244,safe,,,,
244,safe,,,,
244,safe,,,,
244,safe,,,,
244,safe,,,,
244,safe,,,,
244,safe,,,,
244,safe,,,,
244,safe,,,,
244,safe,,,,
243,safe,,,,
243,safe,,,,
243,safe,,,,
243,safe,,,,
244,safe,,,,
243,safe,,,,
243,safe,,,,
243,safe,,,,
243,safe,,,,
243,safe,,,,
243,safe,,,,
243,safe,,,,
243,safe,,,,
243,safe,,,,
243,safe,,,,
243,safe,,,,
243,safe,,,,
243,safe,,,,
243,safe,,,,
243,safe,,,,
243,safe,,,,
243,safe,,,,
245,safe,,,,
245,safe,,,,
245,safe,,,,
245,safe,,,,
245,safe,,,,
244,safe,,,,
245,safe,,,,
244,safe,,,,
244,safe,,,,
244,safe,,,,
244,safe,,,,
245,safe,,,,
245,safe,,,,
245,safe,,,,
245,safe,,,,
245,safe,,,,
245,safe,,,,
245,safe,,,,
245,safe,,,,
245,safe,,,,
244,safe,,,,
244,safe,,,,
244,safe,,,,
244,safe,,,,
244,safe,,,,
244,safe,,,,
244,safe,,,,
244,safe,,,,
244,safe,,,,
244,safe,,,,
244,safe,,,,
244,safe,,,,
244,safe,,,,
244,safe,,,,
244,safe,,,,
244,safe,,,,
244,safe,,,,
244,safe,,,,
244,safe,,,,
244,safe,,,,
244,safe,,,,
244,safe,,,,
244,safe,,,,
244,safe,,,,
244,safe,,,,
244,safe,,,,
244,safe,,,,
244,safe,,,,
244,safe,,,,
244,safe,,,,
244,safe,,,,
244,safe,,,,
243,safe,,,,
243,safe,,,,
244,safe,,,,
243,safe,,,,
243,safe,,,,
243,safe,,,,
243,safe,,,,
243,safe,,,,
243,safe,,,,
243,safe,,,,
243,safe,,,,
243,safe,,,,
243,safe,,,,
243,safe,,,,
243,safe,,,,
243,safe,,,,
243,safe,,,,
243,safe,,,,
243,safe,,,,
243,safe,,,,
243,safe,,,,
243,safe,,,,
243,safe,,,,
243,safe,,,,
243,safe,,,,
243,safe,,,,
243,safe,,,,
243,safe,,,,
243,safe,,,,
243,safe,,,,
243,safe,,,,
243,safe,,,,
243,safe,,,,
243,safe,,,,
243,safe,,,,
243,safe,,,,
243,safe,,,,
243,safe,,,,
243,safe,,,,
243,safe,,,,
243,safe,,,,
243,safe,,,,
243,safe,,,,
243,safe,,,,
243,safe,,,,
243,safe,,,,
243,safe,,,,
243,safe,,,,
243,safe,,,,
243,safe,,,,
243,safe,,,,
243,safe,,,,
243,safe,,,,
243,safe,,,,
243,safe,,,,
243,safe,,,,
243,safe,,,,
243,safe,,,,
243,safe,,,,
243,safe,,,,
243,safe,,,,
243,safe,,,,
243,safe,,,,
242,safe,,,,
242,safe,,,,
242,safe,,,,
242,safe,,,,
242,safe,,,,
242,safe,,,,
242,safe,,,,
242,safe,,,,
242,safe,,,,
242,safe,,,,
242,safe,,,,
242,safe,,,,
242,safe,,,,
242,safe,,,,
242,safe,,,,
241,safe,,,,
241,safe,,,,
242,safe,,,,
241,safe,,,,
242,safe,,,,
241,safe,,,,
235,milk,,,,
235,milk,,,,
236,milk,,,,
236,milk,,,,
236,milk,,,,
236,milk,,,,
236,milk,,,,
236,milk,,,,
236,milk,,,,
236,milk,,,,
236,milk,,,,
236,milk,,,,
237,milk,,,,
237,milk,,,,
237,milk,,,,
237,milk,,,,
237,milk,,,,
237,milk,,,,
237,milk,,,,
237,milk,,,,
237,milk,,,,
237,milk,,,,
237,milk,,,,
237,milk,,,,
237,milk,,,,
237,milk,,,,
237,milk,,,,
237,milk,,,,
238,milk,,,,
238,milk,,,,
238,milk,,,,
237,milk,,,,
237,milk,,,,
237,milk,,,,
238,milk,,,,
237,milk,,,,
237,milk,,,,
238,milk,,,,
238,milk,,,,
238,milk,,,,
238,milk,,,,
238,milk,,,,
240,milk,,,,
240,milk,,,,
240,milk,,,,
240,milk,,,,
240,milk,,,,
240,milk,,,,
240,milk,,,,
240,milk,,,,
238,milk,,,,
238,milk,,,,
237,milk,,,,
237,milk,,,,
237,milk,,,,
237,milk,,,,
237,milk,,,,
236,milk,,,,
236,milk,,,,
236,milk,,,,
236,milk,,,,
238,milk,,,,
238,milk,,,,
237,milk,,,,
237,milk,,,,
237,milk,,,,
237,milk,,,,
237,milk,,,,
237,milk,,,,
236,milk,,,,
236,milk,,,,
237,milk,,,,
236,milk,,,,
237,milk,,,,
237,milk,,,,
237,milk,,,,
237,milk,,,,
237,milk,,,,
237,milk,,,,
237,milk,,,,
237,milk,,,,
237,milk,,,,
237,milk,,,,
237,milk,,,,
237,milk,,,,
236,milk,,,,
237,milk,,,,
237,milk,,,,
237,milk,,,,
236,milk,,,,
237,milk,,,,
237,milk,,,,
237,milk,,,,
237,milk,,,,
237,milk,,,,
237,milk,,,,
237,milk,,,,
237,milk,,,,
237,milk,,,,
237,milk,,,,
237,milk,,,,
237,milk,,,,
237,milk,,,,
236,milk,,,,
237,milk,,,,
237,milk,,,,
237,milk,,,,
237,milk,,,,
237,milk,,,,
237,milk,,,,
237,milk,,,,
237,milk,,,,
237,milk,,,,
237,milk,,,,
237,milk,,,,
237,milk,,,,
237,milk,,,,
237,milk,,,,
237,milk,,,,
237,milk,,,,
237,milk,,,,
237,milk,,,,
237,milk,,,,
237,milk,,,,
237,milk,,,,
237,milk,,,,
237,milk,,,,
237,milk,,,,
237,milk,,,,
237,milk,,,,
237,milk,,,,
237,milk,,,,
237,milk,,,,
237,milk,,,,
237,milk,,,,
236,milk,,,,
237,milk,,,,
237,milk,,,,
236,milk,,,,
237,milk,,,,
237,milk,,,,
237,milk,,,,
236,milk,,,,
237,milk,,,,
237,milk,,,,
237,milk,,,,
236,milk,,,,
237,milk,,,,
236,milk,,,,
236,milk,,,,
237,milk,,,,
237,milk,,,,
237,milk,,,,
237,milk,,,,
236,milk,,,,
236,milk,,,,
236,milk,,,,
236,milk,,,,
237,milk,,,,
236,milk,,,,
236,milk,,,,
236,milk,,,,
236,milk,,,,
236,milk,,,,
236,milk,,,,
236,milk,,,,
236,milk,,,,
236,milk,,,,
236,milk,,,,
236,milk,,,,
236,milk,,,,
236,milk,,,,
236,milk,,,,
236,milk,,,,
236,milk,,,,
236,milk,,,,
236,milk,,,,
236,milk,,,,
236,milk,,,,
236,milk,,,,
236,milk,,,,
236,milk,,,,
236,milk,,,,
236,milk,,,,
236,milk,,,,
236,milk,,,,
236,milk,,,,
236,milk,,,,
236,milk,,,,
236,milk,,,,
236,milk,,,,
236,milk,,,,
236,milk,,,,
236,milk,,,,
236,milk,,,,
236,milk,,,,
236,milk,,,,
236,milk,,,,
236,milk,,,,
236,milk,,,,
236,milk,,,,
236,milk,,,,
236,milk,,,,
236,milk,,,,
236,milk,,,,
237,milk,,,,
237,milk,,,,
237,milk,,,,
237,milk,,,,
237,milk,,,,
237,milk,,,,
237,milk,,,,
238,milk,,,,
241,milk,,,,
241,milk,,,,
243,milk,,,,
242,milk,,,,
241,milk,,,,
244,milk,,,,
241,milk,,,,
243,milk,,,,
241,milk,,,,
237,milk,,,,
240,milk,,,,
252,milk,,,,
249,milk,,,,
241,milk,,,,
237,milk,,,,
236,milk,,,,
236,milk,,,,
236,milk,,,,
238,milk,,,,
237,milk,,,,
237,milk,,,,
237,milk,,,,
237,milk,,,,
237,milk,,,,
237,milk,,,,
237,milk,,,,
236,milk,,,,
240,milk,,,,
233,milk,,,,
233,milk,,,,
232,milk,,,,
206,milk,,,,
208,milk,,,,
209,milk,,,,
210,milk,,,,
212,milk,,,,
214,milk,,,,
216,milk,,,,
217,milk,,,,
218,milk,,,,
219,milk,,,,
220,milk,,,,
221,milk,,,,
222,milk,,,,
223,milk,,,,
224,milk,,,,
224,milk,,,,
225,milk,,,,
226,milk,,,,
228,milk,,,,
228,milk,,,,
228,milk,,,,
229,milk,,,,
229,milk,,,,
229,milk,,,,
230,milk,,,,
230,milk,,,,
230,milk,,,,
231,milk,,,,
231,milk,,,,
231,milk,,,,
231,milk,,,,
231,milk,,,,
232,milk,,,,
233,milk,,,,
233,milk,,,,
233,milk,,,,
234,milk,,,,
234,milk,,,,
234,milk,,,,
234,milk,,,,
234,milk,,,,
234,milk,,,,
234,milk,,,,
234,milk,,,,
234,milk,,,,
234,milk,,,,
234,milk,,,,
234,milk,,,,
235,milk,,,,
235,milk,,,,
235,milk,,,,
235,milk,,,,
235,milk,,,,
235,milk,,,,
235,milk,,,,
235,milk,,,,
235,milk,,,,
235,milk,,,,
235,milk,,,,
235,milk,,,,
235,milk,,,,
235,milk,,,,
235,milk,,,,
236,milk,,,,
236,milk,,,,
236,milk,,,,
236,milk,,,,
236,milk,,,,
236,milk,,,,
236,milk,,,,
236,milk,,,,
236,milk,,,,
236,milk,,,,
236,milk,,,,
236,milk,,,,
236,milk,,,,
236,milk,,,,
236,milk,,,,
236,milk,,,,
236,milk,,,,
236,milk,,,,
236,milk,,,,
236,milk,,,,
236,milk,,,,
236,milk,,,,
236,milk,,,,
236,milk,,,,
236,milk,,,,
236,milk,,,,
236,milk,,,,
236,milk,,,,
236,milk,,,,
236,milk,,,,
235,milk,,,,
236,milk,,,,
236,milk,,,,
236,milk,,,,
235,milk,,,,
235,milk,,,,
236,milk,,,,
235,milk,,,,
236,milk,,,,
235,milk,,,,
235,milk,,,,
235,milk,,,,
235,milk,,,,
235,milk,,,,
235,milk,,,,
235,milk,,,,
235,milk,,,,
235,milk,,,,
235,milk,,,,
235,milk,,,,
235,milk,,,,
235,milk,,,,
235,milk,,,,
235,milk,,,,
235,milk,,,,
235,milk,,,,
235,milk,,,,
235,milk,,,,
235,milk,,,,
234,milk,,,,
234,milk,,,,
234,milk,,,,
235,milk,,,,
234,milk,,,,
234,milk,,,,
235,milk,,,,
235,milk,,,,
235,milk,,,,
235,milk,,,,
235,milk,,,,
234,milk,,,,
234,milk,,,,
235,milk,,,,
235,milk,,,,
235,milk,,,,
234,milk,,,,
235,milk,,,,
235,milk,,,,
234,milk,,,,
234,milk,,,,
235,milk,,,,
235,milk,,,,
235,milk,,,,
235,milk,,,,
235,milk,,,,
235,milk,,,,
235,milk,,,,
235,milk,,,,
235,milk,,,,
235,milk,,,,
235,milk,,,,
235,milk,,,,
235,milk,,,,
235,milk,,,,
235,milk,,,,
235,milk,,,,
235,milk,,,,
235,milk,,,,
235,milk,,,,
235,milk,,,,
235,milk,,,,
235,milk,,,,
235,milk,,,,
235,milk,,,,
235,milk,,,,
235,milk,,,,
235,milk,,,,
235,milk,,,,
235,milk,,,,
235,milk,,,,
235,milk,,,,
235,milk,,,,
235,milk,,,,
236,milk,,,,
236,milk,,,,
235,milk,,,,
235,milk,,,,
234,milk,,,,
234,milk,,,,
234,milk,,,,
234,milk,,,,
234,milk,,,,
234,milk,,,,
234,milk,,,,
231,milk,,,,
231,milk,,,,
231,milk,,,,
231,milk,,,,
232,milk,,,,
232,milk,,,,
231,milk,,,,
231,milk,,,,
231,milk,,,,
231,milk,,,,
232,milk,,,,
233,milk,,,,
231,milk,,,,
231,milk,,,,
232,milk,,,,
232,milk,,,,
232,milk,,,,
232,milk,,,,
232,milk,,,,
232,milk,,,,
232,milk,,,,
233,milk,,,,
232,milk,,,,
232,milk,,,,
232,milk,,,,
232,milk,,,,
232,milk,,,,
232,milk,,,,
232,milk,,,,
231,milk,,,,
232,milk,,,,
232,milk,,,,
231,milk,,,,
231,milk,,,,
231,milk,,,,
231,milk,,,,
231,milk,,,,
231,milk,,,,
231,milk,,,,
231,milk,,,,
231,milk,,,,
231,milk,,,,
231,milk,,,,
231,milk,,,,
231,milk,,,,
233,milk,,,,
234,milk,,,,
233,milk,,,,
234,milk,,,,
233,milk,,,,
233,milk,,,,
233,milk,,,,
233,milk,,,,
233,milk,,,,
234,milk,,,,
234,milk,,,,
235,milk,,,,
234,milk,,,,
233,milk,,,,
233,milk,,,,
233,milk,,,,
233,milk,,,,
233,milk,,,,
233,milk,,,,
233,milk,,,,
233,milk,,,,
233,milk,,,,
233,milk,,,,
,,,,,
,,,,,
,,,,,
,,,,,
,,,,,
,,,,,
,,,,,
,,,,,
,,,,,
,,,,,
,,,,,
,,,,,
,,,,,
,,,,,
,,,,,
,,,,,
,,,,,
,,,,,
,,,,,
,,,,,
,,,,,
,,,,,
,,,,,
,,,,,
,,,,,
,,,,,
,,,,,
,,,,,
,,,,,
,,,,,
,,,,,
,,,,,
,,,,,
,,,,,
,,,,,
,,,,,
,,,,,
,,,,,
,,,,,
,,,,,
,,,,,
,,,,,
,,,,,
,,,,,
,,,,,
,,,,,
,,,,,
,,,,,
,,,,,
,,,,,
,,,,,
,,,,,
,,,,,
,,,,,
,,,,,
,,,,,
,,,,,
,,,,,
,,,,,
,,,,,
,,,,,
,,,,,
,,,,,
,,,,,
,,,,,
,,,,,
,,,,,
,,,,,
,,,,,
,,,,,
,,,,,
,,,,,
,,,,,
,,,,,
,,,,,
,,,,,
,,,,,
,,,,,
,,,,,
,,,,,
,,,,,
,,,,,
,,,,,
,,,,,
,,,,,
,,,,,
,,,,,
,,,,,
,,,,,
,,,,,
,,,,,
,,,,,
,,,,,
,,,,,
,,,,,
,,,,,
,,,,,
,,,,,
,,,,,
,,,,,
,,,,,
,,,,,
,,,,,
,,,,,
,,,,,
,,,,,
,,,,,
,,,,,
,,,,,
,,,,,
,,,,,
,,,,,
,,,,,
,,,,,
,,,,,
,,,,,
,,,,,
,,,,,
,,,,,
,,,,,
,,,,,
,,,,,
,,,,,
,,,,,
,,,,,
,,,,,
,,,,,
,,,,,
,,,,,
,,,,,
,,,,,
,,,,,
,,,,,
,,,,,
,,,,,
,,,,,
,,,,,
,,,,,
,,,,,
,,,,,
,,,,,
,,,,,
,,,,,
,,,,,
,,,,,
,,,,,
,,,,,
,,,,,
,,,,,
,,,,,
,,,,,
,,,,,
,,,,,
,,,,,
,,,,,
,,,,,
,,,,,
,,,,,
,,,,,
,,,,,
,,,,,
,,,,,
,,,,,
,,,,,
,,,,,
,,,,,
,,,,,
,,,,,
,,,,,
,,,,,
,,,,,
,,,,,
,,,,,
,,,,,
,,,,,
,,,,,
,,,,,
,,,,,
,,,,,
,,,,,
,,,,,
,,,,,
,,,,,
,,,,,
,,,,,
,,,,,
,,,,,
,,,,,
,,,,,
,,,,,
,,,,,
,,,,,
,,,,,
,,,,,
,,,,,
,,,,,
,,,,,
,,,,,
,,,,,
,,,,,
,,,,,
,,,,,
,,,,,
,,,,,
,,,,,
,,,,,
,,,,,
,,,,,
,,,,,
,,,,,
,,,,,
,,,,,
,,,,,
,,,,,
,,,,,
,,,,,
,,,,,
,,,,,
,,,,,
,,,,,
,,,,,
,,,,,
,,,,,
,,,,,
,,,,,
,,,,,
,,,,,
,,,,,
,,,,,
,,,,,
,,,,,
,,,,,
,,,,,
,,,,,
,,,,,
,,,,,
,,,,,
,,,,,
,,,,,
,,,,,
,,,,,
,,,,,
,,,,,
,,,,,
,,,,,
,,,,,
,,,,,
,,,,,
,,,,,
,,,,,
,,,,,
,,,,,
,,,,,
,,,,,
,,,,,
,,,,,
,,,,,
,,,,,
,,,,,
,,,,,
,,,,,
,,,,,
,,,,,
,,,,,
,,,,,
,,,,,
,,,,,
,,,,,
,,,,,
,,,,,
,,,,,
,,,,,
,,,,,
,,,,,
,,,,,
,,,,,
,,,,,
,,,,,
,,,,,
,,,,,
,,,,,
,,,,,
,,,,,
,,,,,
,,,,,
,,,,,
,,,,,
,,,,,
,,,,,
,,,,,
,,,,,
,,,,,
,,,,,
,,,,,
,,,,,
,,,,,
,,,,,
,,,,,
,,,,,
,,,,,
,,,,,
,,,,,
,,,,,
,,,,,
,,,,,
,,,,,
,,,,,
,,,,,
,,,,,
,,,,,
,,,,,
,,,,,
,,,,,
,,,,,
,,,,,
,,,,,
,,,,,
,,,,,
,,,,,
,,,,,
,,,,,
,,,,,
,,,,,
,,,,,
,,,,,
,,,,,
,,,,,
,,,,,
,,,,,
,,,,,
,,,,,
,,,,,
,,,,,
,,,,,
,,,,,
,,,,,
,,,,,
,,,,,
,,,,,
,,,,,
,,,,,
,,,,,
,,,,,
,,,,,
,,,,,
,,,,,
,,,,,
,,,,,
,,,,,
,,,,,
,,,,,
,,,,,
,,,,,
,,,,,
,,,,,
,,,,,
,,,,,
,,,,,
,,,,,
,,,,,
,,,,,
,,,,,
,,,,,
,,,,,
,,,,,
,,,,,
,,,,,
,,,,,
,,,,,
,,,,,
,,,,,
,,,,,
,,,,,
,,,,,
,,,,,
,,,,,
,,,,,
,,,,,
,,,,,
,,,,,
,,,,,
,,,,,
,,,,,
,,,,,
,,,,,
,,,,,
,,,,,
,,,,,
,,,,,
,,,,,
,,,,,
,,,,,
,,,,,
,,,,,
,,,,,
,,,,,
,,,,,
,,,,,
,,,,,
,,,,,
,,,,,
,,,,,
,,,,,
,,,,,
,,,,,
,,,,,
,,,,,
,,,,,
,,,,,
,,,,,
,,,,,
,,,,,
,,,,,
,,,,,
,,,,,
,,,,,
,,,,,
,,,,,
,,,,,
,,,,,
,,,,,
,,,,,
,,,,,
,,,,,
,,,,,
,,,,,
,,,,,
,,,,,
,,,,,
,,,,,
,,,,,
,,,,,
,,,,,242
,,,,,241
,,,,,241
,,,,,241
,,,,,241
,,,,,241
,,,,,241
,,,,,241
,,,,,241
,,,,,241
,,,,,241
,,,,,241
,,,,,241
,,,,,241
,,,,,241
,,,,,241
,,,,,241
,,,,,241
,,,,,241
,,,,,241
,,,,,241
,,,,,241
,,,,,241
,,,,,241
,,,,,241
,,,,,241
,,,,,241
,,,,,241
,,,,,241
,,,,,241
,,,,,241
,,,,,241
,,,,,241
,,,,,241
,,,,,241
,,,,,241
,,,,,241
,,,,,241
,,,,,241
,,,,,241
,,,,,241
,,,,,241
,,,,,241
,,,,,241
,,,,,241
,,,,,241
,,,,,241
,,,,,241
,,,,,241
,,,,,241
,,,,,241
,,,,,241
,,,,,241
,,,,,241
,,,,,241
,,,,,241
,,,,,241
